feature	genomic_start	genomic_end	sequence
transcript	29663219	29670490	CCTTTCCCCTTGGGGCCCTGTCCTTCCCAGTCTTGCCCCAGCCTCGGGAGGTGGTGGAGTGACCTGGCCCCAGTGCTGCGTCCTTATCAGCCGAGCCGGTAAGAGGGTGAGACTTGGTGGGGTAGGGGCCTCAGTGGGCCTGGGAATGTGCCTGTGGCTTGAAAAGACTCTGACAGGTTATGATGGGAAGAGATTGGGAGCCATTGGGCTGCACAGGGTCAGGGAAGGCCAGGAGGGGCTGGTCACTGCTGGAATCTAAGCTGCTGAGGCTGGAGGGAGCCTCAGGATGGGGCTGATGGGGGAGCTGCCAGCATCTGTTCCTCTGTCATTTCTGATAACAGTAAAAGCCAGCATGGAAAAAACCGTTAAACCGCAGGTTGGGCCTGGCCGTTGGCAGGGAAGTGGGCAGAGGGGAGGCCCGGCCAGGTCCTCCGGCAACTCCCGCGTGTTCTGCTTCTCCGGCTGCCCACCTGCAGGTCCCAGCTCTTGCTCCTGCCTGTTTGCCTGGAAATGGCCACGCTTCTCCTTCTCCTTGGGGTGCTGGTGGTAAGCCCAGACGCTCTGGGGAGCACAACAGCAGTGCAGACACCCACCTCCGGAGAGCCTTTGGTCTCTACTAGCGAGCCCCTGAGCTCAAAGATGTACACCACTTCAATAACAAGTGACCCTAAGGCCGACAGCACTGGGGACCAGACCTCAGCCCTACCTCCCTCAACTTCCATCAATGAGGGATCCCCTCTTTGGACTTCCATTGGTGCCAGCACTGGTTCCCCTTTACCTGAGCCAACAACCTACCAGGAAGTTTCCATCAAGATGTCATCAGTGCCCCAGGAAACCCCTCATGCAACCAGTCATCCTGCTGTTCCCATAACAGCAAACTCTCTAGGATCCCACACCGTGACAGGTGGAACCATAACAACGAACTCTCCAGAAACCTCCAGTAGGACCAGTGGAGCCCCTGTTACCACGGCAGCTAGCTCTCTGGAGACCTCCAGAGGCACCTCTGGACCCCCTCTTACCATGGCAACTGTCTCTCTGGAGACTTCCAAAGGCACCTCTGGACCCCCTGTTACCATGGCAACTGACTCTCTGGAGACCTCCACTGGGACCACTGGACCCCCTGTTACCATGACAACTGGCTCTCTGGAGCCCTCCAGCGGGGCCAGTGGACCCCAGGTCTCTAGCGTAAAACTATCTACAATGATGTCTCCAACGACCTCCACCAACGCAAGCACTGTGCCCTTCCGGAACCCAGATGAGAACTCACGAGGCATGCTGCCAGTGGCTGTGCTTGTGGCCCTGCTGGCGGTCATAGTCCTCGTGGCTCTGCTCCTGCTGTGGCGCCGGCGGCAGAAGCGGCGGACTGGGGCCCTCGTGCTGAGCAGAGGCGGCAAGCGTAACGGGGTGGTGGACGCCTGGGCTGGGCCAGCCCAGGTCCCTGAGGAGGGGGCCGTGACAGTGACCGTGGGAGGGTCCGGGGGCGACAAGGGCTCTGGGTTCCCCGATGGGGAGGGGTCTAGCCGTCGGCCCACGCTCACCACTTTCTTTGGCAGACGGAAGTCTCGCCAGGGCTCCCTGGCGATGGAGGAGCTGAAGTCTGGGTCAGGCCCCAGCCTCAAAGGGGAGGAGGAGCCACTGGTGGCCAGTGAGGATGGGGCTGTGGACGCCCCAGCTCCTGATGAGCCCGAAGGGGGAGACGGGGCTGCCCCTTAAGTGTCGGTGAATAGTGAGGCTGGAGGCCGGAATCTCAGCCAGCCTCCAGCACCTTCCCTCTCACCATCCCACTGCCCCCTCGCTCCCATGTTTCCACCCGGCACCCTGATCCTCACCCGAATCTCCTTTTTTTTTTTCTTTTGAGACAGAGTTTCGCTTTGTCGCCCAGGCTGGAGTGCAATGCACGATCTCAGTTCACTGCAACCTCTGCCTCCTAAGTTCAGGCGATTCTCCTGCCTCAGCTTCCCGAGTAACTGAGATTACAGGCACCCACCACCATGCCCAGCTGCTTTTTTGTATTTTTGGTAGAGATGGGGTTTCACCATGTTGGCTAGGCTGGTCTCAAACTCCTGACCTCAGGTGATCTACCTGCCTCAGCCTCCCAAAGTGCTGAGATTACAGACATGAGCCTCCGCGCCTTGCCTCCTCACCCACCTCTTCACTCTGAATCCTCATGAGGCTTCTCAGCCCTGGATTTCCTGCTGCCATCCTCACCCAGCACCCACAACTAGCGCCTGGGCAGGGCAGGGCTGGCACCTCTCAACGTCTGTGGACTGAATGAATAAACCCTCCTCATCCACCCCTATTTATCTCCATCACCATTTCCCCCTCTTTCTTGTTCCTGGAAACGGCTGCTGAGTCTCCATCGGCCAAACTTATCTGCCCTGTGATTTCTTTGACAATTCTCCTTTTCCCCCAGAACCCACCCTGGGTTGACCAGAGTCTGGGAAGAAGGACAAGAGAACCCGGCAAACTCCCTCCTAGGATTAACTTTGTAAAGCACCCTTGCCCTGTAGCTGCAAGGGCTGTGGAACCTGGGCAGCCCGCAACCACCTTTAGCTCTGGGCCCCCCAGGCCAGCCTGGAGCATGGCTGGGTGGGGCCACCAGCCCATGCTCTCAGGCGGGCCTGTGATCTTTCCCAGGGCACATGGACTGTAGGCTGGCCCTGGCCCACACCACCACACTCTCCCCAGCCATGGACAGAGGCAGCCAGAGGCCTCACGGTTTCTCCTCCGAGTTTCTGGCTGGGTGTAGTTCTCAGAAACCCCAGTGCCTGCGTGTGTCCACTCGTGGGTGTGGTTTGTGTGCAAGAGCTGAGGATTTGGCGATGCTTGGGAGGGGTAGTTGTGGGTACAGACGGTGTGGGGGTGGGAAGTGGTGCAGAGACTGAAGAGGGTCAACCTGGGCATGGGGGACACAGGGACTGCTGAGAACGTGCGTGTCATCTTTGCTCTGATGGGGTGGACATAGCAGAAAATCTAACTCTGTCTGTAGCCCCATACAGAATGCCAGGGTGAGCACAGTGGCTGGTGCCTTTAATCCCAGCACTTTGGAAAGTTGAGGCAGGAGGATCGCTTGAGCCCAGGAGTTCGAGTCTGAAGTGAGCTGTGATTGCACCACTGCACTTCAGCCTGGGCAACAGAGTGAGCCCCTGTCTCAAAAAAGAAAAGAAAAAGAAAGCCAGGCTTCATGGAAAGATCGTATGTGTGACCCAAATATGAGTTCTTCAGCTCAGCCATGGTAATCCCTTCCTTGAAGTCTCCATTTCTGCAGTACACATGCATGTGCGCTCTCTCTCTCTCTCTCTCTCTCACACACACACACACACACACACACACACGCGCGCGCGCGCGCGCTCTCCTGCGAACAGAGGCAGGGGGAGAGGGGTTTGCCCTGGTCTCGGGGACTGGTCTGGCTGGCGCTTCCCCACTGCACGTTTCCAGGTTTAGTTTGTCTGTGTCTCCTCTTCCATCCCAGGGGCTGAGCCCCTTCCATCCTCCAAGAGGAACCAGTGAGAGTGAGTGAAGGAGGGGCCTGGAGCCAGGGACTTCCCCTGTGGGGCCTGGGTGGAGAGGGGAGAACTCAATGGTGCTGCCTTTGAGACCAGCCCAGGCTACAGCCCAGGAGCACACATGGGCCAGGGCAGTTGGTATTTCCCGAGGACAAAGAGGAAATTTTCAAAGAGGAAGTTGTTGAGTTAGAGCTTGCGGTGGCTGAGAGCAGACAGGTTGACCTGCAAAAAAAGACAGGGGAGGCATGTGAGTGTGACAGCCCTGCTCTGTGGCCTGGGCAGGAGATGGGGGAAAGGGTCAGGTGGGGGATGGGCTCGTGCAGTGGGAGAGGAGACGGAGGGAGGGAGCGGGAAGGGGCTTGCTTAGTGGGTGGGAAGAGCTGAGCTCGGATGGAACCAGCTTCTACCAGCCAGGCTGGGCACCCACTGGGCTGCATCTGGTGGCCTTTTCTGATTGCTATTTGGACTCACTGCAGCTGCAGAATGACAGAGGCCATGTCCAAAATCCCTTAGAGACACTGTTGTCTTAGAGTTGTTAAAATAAGAGCCCCCATATCAGGTTTAGAAAATACTGTCACCGAACGAACGTCGCTGTCCTCAGCTCCACCTCCCTTTCCTTTGACAGATATGGTTGTTTTCTAAGCCAGGACTGGTTTTAGTCAGGTCCTGGGCGAATCCTGAAAAAAAGAGGTAGTACGGGTAAGGAAGGCACCCAACAGGGCTTTCACAATCCAGAAAATATCAAAATATAAGTGTTAAAAGAGAGGCACAGGCCGGGTGCGGTGGCTCACGCCTGTAATCTCAGCACTTTGGGAGGCCAAGGTGGGCAGATCATGAGGTCAGGAGTTTGAGACCAGCCTGGCCAATATGATGAAACCCCGTTTCTACTAAAAATACAAAAGTTAGCCAGGCATGGTGGTGTGCTCCTGTAATCCCAGCTACTTAGGAGGCTGAGGCCAGAGAATTGCTTGAACCCTGGAGTCAGAGGTTGCAGTGAGCCGGGATCATGCCACTGTACTCCAGGCTGGGTGACAAAGTGAGACTGTCTCAAAAAATAAAAATAAATAAAATAAATAAAAGAGAGGCACAAACAGTGTTATGAATGCACCAAGGAAAATGGTGCATTCATAACTCTCAGGTGAAGCCTACCAAGCCATGCGTGTGTGCACATATGTGTGTACGTGTGCATGTGCGTGCGTGCATGTGCGTGCGTGCATGTGCCTGTGTGTGTATGTGTGCACATGTGTGTGCGCATGTGTGTGTGTGCGCGCATGTGTGTGTGCATGCATGTTCTCCCATGCATGTGTACTGTGGCAAGGGAGACTTTGAGGAAGAGATTCCAGTGGCTGAGCAGAAGGGCTCGCATTGCCCTGGCGAAAGGTTGGAAGGCTTCACCTGAGAGTGTGTCGTGGCCTTTGTCATATCCACTGCTTGATTCCTTTCTTTAAAAATTATTTTTATTGTTTTCTACATATGAGAACCACCACACCTGGCTAATTTTTGTATTTTTTGTAGAGATGGGGTTTCACCATGTTGTCCCGGCTGGTCTCAAACTCCCGGGCACAAGAGATCCACCTGCCTCAGCCTCCCAAAATGCTGGGACTATAGGCATGAGCCACTGCACCCAGCCACTGCTTCATTCCTGGTGGCTGCTGTGCCTGGCATGTTGCAGATCCTCCATGAATATGCATTTGAATGAATGAATGAATGAATGAATGAATGAATGGAGATGACGCCTCAGAGATTCTTTCTTTTGAGATGAGGTCTCATTCTGTCACCCAGACTAGAGGGCAGTGGTGCAATCACAGCTCACCACAGCCTCAACCTCCTGGGCCTCCCAAGTAGCTGCGATCACAGGTGTGCACCAACATGCCCAGCTAATTTTTTTTTTTAATTTTTAATTTGTACAGACAGGGTCTTGCTGTGTTGCCCAGGCTGGTCTCAAACTCCTGGGCTCAAGTGGTCCTCCCACCTAAGCTTCCCCAAATACTGGGATTATAGGTGTGAGCCACTGTGCCCAGGCTTGCCTCAGATATTTGAAGGCTGGGAAGGATTTTGCAAAGCTGGGAAAAGGAAAAGGCATTCCCAGCAGAGGGGATAGCAGGTGGAAATACATAATTAAAAAAAAAAAACGTGGAGCAGATCCAGCGCAGTGGCTCATGCCTGTAATCCCAGCACTTTGGGAGGCAGAGCAGGGAGGATTGCTTGAGTCTAGGAGTTCAAGACCAGCCTGGGTAACATAGAAAGACCCTGTCTCTACAAAAACACAAAAAATTAGCCAGGCGTGGTGGTGCATGCCTGTAGTACCAGCTACTTGAGAAGCTGAGGCAGGAGGACTGCTTGAAGCCAGGAGTTTGAGACCAGCCTGGGCAACATAGTGAGACCCCGTGTCTACAAAAAGTAAACATTTATATATATATTTTTTAAAGTGGAGCAGTTCAATATAGAGTCTTTTTTGAACAAACGTGAAATAGATGTCTTTTTTTTTTTTTTGAGATGGAGTTTTCACTCTTGTTACCCAGGCTGGAGTGCAATGGCGTGATCTTGGCTCACCAGAACCTCCGCCTCCTGGGTTCAAACAATTCTCCTGCCTCAGCCTCCCAGGTAGCTGGGATTACAGGCATGCACCACCAAACCCGGATAATTTTGTATTTTTAGTAGAGATGGGGTTTCACCATGTTGGTCAAGCTGGTCTTGAACTCCCGACCTCTGCTGATCCGTATGCCTCGGCCTCCCAAAGTGCTGGGATTACATGCGTGAGCCACCGTGCCCGACAATAGATGTCTTTTAATTTTCTGGAGGAAAAAGCAAAGCAAAAGAAGCAGTGGATATTTTAAGACTAAAAAGGAAAACAAAAAAAGGAGATAGAGCAGGCCAGACGTGGTGGCTCAACGTCTGTAATCCCAGCACTTTGGGAGGCCGAGGCAGGTGGATCACCTGAGGTCAGGAGTTCAAGACCAGCCTGACCAACATGGTGAAACCCTGTTTCAAAATACAAAAAATTAGCTGGGCGTGGTGGCGGGCACCTGTAATCCCAGCTACTTGGGAGGCTGAGGCAGGAGAATCCCTTGAACCCAGGAGGTGGAGGTTGCAGTGAGCCGAGATCACGCCATTGCACTCCAGCCTGGGCGACAAGTAAAAAACTCCATCTCAAAAAAAAAAAAGGAGATAGAGCAAGGAACAGTAAGAAAATAGTTGGGTGCAGTGGCTATGCGGTGGCACTATAGGAGGCTGAGGCGGGCAGATCACCTGAGGTCAGGAGTTGGAGACCAGCCTGGGCAACATAGACCCCTATCTCTACAAAAAATTTGAAATATGAAAAATTAGCCAGGTGTAGTGGTGTGCGCCTGTGGTACCAGCTACTCAAGAGGCGAAGGCAGGGAAGATTGCTTGAGCCCAGGAGTTTGAGGCTATAGTGAGCTGTGATCATGCCACTGCACTCCAGCCTGGGCAATAGTGTGAGACTCTGTCTCAAAAGAAAGAACATGGCCAGGCGTGGTGGCTCACACCTGTAATCCCAGCACTTTGGGAGGCCGAGGCAGTCAGATCATGAGGCCAGTTTGAAACCAGCCTGGCCAACATGGTGAAACCCTGTCTCTACTAAAAATACAAAAATTAGCCAGGCGTGGTGGCATGCCCCCGTAATCCCAGCTACTTGGGGGTCTGAGGCAGAAGAATTGCTTGAAACCGGGAGGCAGAGGTTGCAGTGAGCCGAGATCGTGTCATTGCACTCTAGTCTGGGCGACAGAGCAAGACTCCGTCTTGG
exon	29663219	29663316	CCTTTCCCCTTGGGGCCCTGTCCTTCCCAGTCTTGCCCCAGCCTCGGGAGGTGGTGGAGTGACCTGGCCCCAGTGCTGCGTCCTTATCAGCCGAGCCG
UTR	29663219	29663316	CCTTTCCCCTTGGGGCCCTGTCCTTCCCAGTCTTGCCCCAGCCTCGGGAGGTGGTGGAGTGACCTGGCCCCAGTGCTGCGTCCTTATCAGCCGAGCCG
exon	29663695	29670490	GTCCCAGCTCTTGCTCCTGCCTGTTTGCCTGGAAATGGCCACGCTTCTCCTTCTCCTTGGGGTGCTGGTGGTAAGCCCAGACGCTCTGGGGAGCACAACAGCAGTGCAGACACCCACCTCCGGAGAGCCTTTGGTCTCTACTAGCGAGCCCCTGAGCTCAAAGATGTACACCACTTCAATAACAAGTGACCCTAAGGCCGACAGCACTGGGGACCAGACCTCAGCCCTACCTCCCTCAACTTCCATCAATGAGGGATCCCCTCTTTGGACTTCCATTGGTGCCAGCACTGGTTCCCCTTTACCTGAGCCAACAACCTACCAGGAAGTTTCCATCAAGATGTCATCAGTGCCCCAGGAAACCCCTCATGCAACCAGTCATCCTGCTGTTCCCATAACAGCAAACTCTCTAGGATCCCACACCGTGACAGGTGGAACCATAACAACGAACTCTCCAGAAACCTCCAGTAGGACCAGTGGAGCCCCTGTTACCACGGCAGCTAGCTCTCTGGAGACCTCCAGAGGCACCTCTGGACCCCCTCTTACCATGGCAACTGTCTCTCTGGAGACTTCCAAAGGCACCTCTGGACCCCCTGTTACCATGGCAACTGACTCTCTGGAGACCTCCACTGGGACCACTGGACCCCCTGTTACCATGACAACTGGCTCTCTGGAGCCCTCCAGCGGGGCCAGTGGACCCCAGGTCTCTAGCGTAAAACTATCTACAATGATGTCTCCAACGACCTCCACCAACGCAAGCACTGTGCCCTTCCGGAACCCAGATGAGAACTCACGAGGCATGCTGCCAGTGGCTGTGCTTGTGGCCCTGCTGGCGGTCATAGTCCTCGTGGCTCTGCTCCTGCTGTGGCGCCGGCGGCAGAAGCGGCGGACTGGGGCCCTCGTGCTGAGCAGAGGCGGCAAGCGTAACGGGGTGGTGGACGCCTGGGCTGGGCCAGCCCAGGTCCCTGAGGAGGGGGCCGTGACAGTGACCGTGGGAGGGTCCGGGGGCGACAAGGGCTCTGGGTTCCCCGATGGGGAGGGGTCTAGCCGTCGGCCCACGCTCACCACTTTCTTTGGCAGACGGAAGTCTCGCCAGGGCTCCCTGGCGATGGAGGAGCTGAAGTCTGGGTCAGGCCCCAGCCTCAAAGGGGAGGAGGAGCCACTGGTGGCCAGTGAGGATGGGGCTGTGGACGCCCCAGCTCCTGATGAGCCCGAAGGGGGAGACGGGGCTGCCCCTTAAGTGTCGGTGAATAGTGAGGCTGGAGGCCGGAATCTCAGCCAGCCTCCAGCACCTTCCCTCTCACCATCCCACTGCCCCCTCGCTCCCATGTTTCCACCCGGCACCCTGATCCTCACCCGAATCTCCTTTTTTTTTTTCTTTTGAGACAGAGTTTCGCTTTGTCGCCCAGGCTGGAGTGCAATGCACGATCTCAGTTCACTGCAACCTCTGCCTCCTAAGTTCAGGCGATTCTCCTGCCTCAGCTTCCCGAGTAACTGAGATTACAGGCACCCACCACCATGCCCAGCTGCTTTTTTGTATTTTTGGTAGAGATGGGGTTTCACCATGTTGGCTAGGCTGGTCTCAAACTCCTGACCTCAGGTGATCTACCTGCCTCAGCCTCCCAAAGTGCTGAGATTACAGACATGAGCCTCCGCGCCTTGCCTCCTCACCCACCTCTTCACTCTGAATCCTCATGAGGCTTCTCAGCCCTGGATTTCCTGCTGCCATCCTCACCCAGCACCCACAACTAGCGCCTGGGCAGGGCAGGGCTGGCACCTCTCAACGTCTGTGGACTGAATGAATAAACCCTCCTCATCCACCCCTATTTATCTCCATCACCATTTCCCCCTCTTTCTTGTTCCTGGAAACGGCTGCTGAGTCTCCATCGGCCAAACTTATCTGCCCTGTGATTTCTTTGACAATTCTCCTTTTCCCCCAGAACCCACCCTGGGTTGACCAGAGTCTGGGAAGAAGGACAAGAGAACCCGGCAAACTCCCTCCTAGGATTAACTTTGTAAAGCACCCTTGCCCTGTAGCTGCAAGGGCTGTGGAACCTGGGCAGCCCGCAACCACCTTTAGCTCTGGGCCCCCCAGGCCAGCCTGGAGCATGGCTGGGTGGGGCCACCAGCCCATGCTCTCAGGCGGGCCTGTGATCTTTCCCAGGGCACATGGACTGTAGGCTGGCCCTGGCCCACACCACCACACTCTCCCCAGCCATGGACAGAGGCAGCCAGAGGCCTCACGGTTTCTCCTCCGAGTTTCTGGCTGGGTGTAGTTCTCAGAAACCCCAGTGCCTGCGTGTGTCCACTCGTGGGTGTGGTTTGTGTGCAAGAGCTGAGGATTTGGCGATGCTTGGGAGGGGTAGTTGTGGGTACAGACGGTGTGGGGGTGGGAAGTGGTGCAGAGACTGAAGAGGGTCAACCTGGGCATGGGGGACACAGGGACTGCTGAGAACGTGCGTGTCATCTTTGCTCTGATGGGGTGGACATAGCAGAAAATCTAACTCTGTCTGTAGCCCCATACAGAATGCCAGGGTGAGCACAGTGGCTGGTGCCTTTAATCCCAGCACTTTGGAAAGTTGAGGCAGGAGGATCGCTTGAGCCCAGGAGTTCGAGTCTGAAGTGAGCTGTGATTGCACCACTGCACTTCAGCCTGGGCAACAGAGTGAGCCCCTGTCTCAAAAAAGAAAAGAAAAAGAAAGCCAGGCTTCATGGAAAGATCGTATGTGTGACCCAAATATGAGTTCTTCAGCTCAGCCATGGTAATCCCTTCCTTGAAGTCTCCATTTCTGCAGTACACATGCATGTGCGCTCTCTCTCTCTCTCTCTCTCTCACACACACACACACACACACACACACACGCGCGCGCGCGCGCGCTCTCCTGCGAACAGAGGCAGGGGGAGAGGGGTTTGCCCTGGTCTCGGGGACTGGTCTGGCTGGCGCTTCCCCACTGCACGTTTCCAGGTTTAGTTTGTCTGTGTCTCCTCTTCCATCCCAGGGGCTGAGCCCCTTCCATCCTCCAAGAGGAACCAGTGAGAGTGAGTGAAGGAGGGGCCTGGAGCCAGGGACTTCCCCTGTGGGGCCTGGGTGGAGAGGGGAGAACTCAATGGTGCTGCCTTTGAGACCAGCCCAGGCTACAGCCCAGGAGCACACATGGGCCAGGGCAGTTGGTATTTCCCGAGGACAAAGAGGAAATTTTCAAAGAGGAAGTTGTTGAGTTAGAGCTTGCGGTGGCTGAGAGCAGACAGGTTGACCTGCAAAAAAAGACAGGGGAGGCATGTGAGTGTGACAGCCCTGCTCTGTGGCCTGGGCAGGAGATGGGGGAAAGGGTCAGGTGGGGGATGGGCTCGTGCAGTGGGAGAGGAGACGGAGGGAGGGAGCGGGAAGGGGCTTGCTTAGTGGGTGGGAAGAGCTGAGCTCGGATGGAACCAGCTTCTACCAGCCAGGCTGGGCACCCACTGGGCTGCATCTGGTGGCCTTTTCTGATTGCTATTTGGACTCACTGCAGCTGCAGAATGACAGAGGCCATGTCCAAAATCCCTTAGAGACACTGTTGTCTTAGAGTTGTTAAAATAAGAGCCCCCATATCAGGTTTAGAAAATACTGTCACCGAACGAACGTCGCTGTCCTCAGCTCCACCTCCCTTTCCTTTGACAGATATGGTTGTTTTCTAAGCCAGGACTGGTTTTAGTCAGGTCCTGGGCGAATCCTGAAAAAAAGAGGTAGTACGGGTAAGGAAGGCACCCAACAGGGCTTTCACAATCCAGAAAATATCAAAATATAAGTGTTAAAAGAGAGGCACAGGCCGGGTGCGGTGGCTCACGCCTGTAATCTCAGCACTTTGGGAGGCCAAGGTGGGCAGATCATGAGGTCAGGAGTTTGAGACCAGCCTGGCCAATATGATGAAACCCCGTTTCTACTAAAAATACAAAAGTTAGCCAGGCATGGTGGTGTGCTCCTGTAATCCCAGCTACTTAGGAGGCTGAGGCCAGAGAATTGCTTGAACCCTGGAGTCAGAGGTTGCAGTGAGCCGGGATCATGCCACTGTACTCCAGGCTGGGTGACAAAGTGAGACTGTCTCAAAAAATAAAAATAAATAAAATAAATAAAAGAGAGGCACAAACAGTGTTATGAATGCACCAAGGAAAATGGTGCATTCATAACTCTCAGGTGAAGCCTACCAAGCCATGCGTGTGTGCACATATGTGTGTACGTGTGCATGTGCGTGCGTGCATGTGCGTGCGTGCATGTGCCTGTGTGTGTATGTGTGCACATGTGTGTGCGCATGTGTGTGTGTGCGCGCATGTGTGTGTGCATGCATGTTCTCCCATGCATGTGTACTGTGGCAAGGGAGACTTTGAGGAAGAGATTCCAGTGGCTGAGCAGAAGGGCTCGCATTGCCCTGGCGAAAGGTTGGAAGGCTTCACCTGAGAGTGTGTCGTGGCCTTTGTCATATCCACTGCTTGATTCCTTTCTTTAAAAATTATTTTTATTGTTTTCTACATATGAGAACCACCACACCTGGCTAATTTTTGTATTTTTTGTAGAGATGGGGTTTCACCATGTTGTCCCGGCTGGTCTCAAACTCCCGGGCACAAGAGATCCACCTGCCTCAGCCTCCCAAAATGCTGGGACTATAGGCATGAGCCACTGCACCCAGCCACTGCTTCATTCCTGGTGGCTGCTGTGCCTGGCATGTTGCAGATCCTCCATGAATATGCATTTGAATGAATGAATGAATGAATGAATGAATGAATGGAGATGACGCCTCAGAGATTCTTTCTTTTGAGATGAGGTCTCATTCTGTCACCCAGACTAGAGGGCAGTGGTGCAATCACAGCTCACCACAGCCTCAACCTCCTGGGCCTCCCAAGTAGCTGCGATCACAGGTGTGCACCAACATGCCCAGCTAATTTTTTTTTTTAATTTTTAATTTGTACAGACAGGGTCTTGCTGTGTTGCCCAGGCTGGTCTCAAACTCCTGGGCTCAAGTGGTCCTCCCACCTAAGCTTCCCCAAATACTGGGATTATAGGTGTGAGCCACTGTGCCCAGGCTTGCCTCAGATATTTGAAGGCTGGGAAGGATTTTGCAAAGCTGGGAAAAGGAAAAGGCATTCCCAGCAGAGGGGATAGCAGGTGGAAATACATAATTAAAAAAAAAAAACGTGGAGCAGATCCAGCGCAGTGGCTCATGCCTGTAATCCCAGCACTTTGGGAGGCAGAGCAGGGAGGATTGCTTGAGTCTAGGAGTTCAAGACCAGCCTGGGTAACATAGAAAGACCCTGTCTCTACAAAAACACAAAAAATTAGCCAGGCGTGGTGGTGCATGCCTGTAGTACCAGCTACTTGAGAAGCTGAGGCAGGAGGACTGCTTGAAGCCAGGAGTTTGAGACCAGCCTGGGCAACATAGTGAGACCCCGTGTCTACAAAAAGTAAACATTTATATATATATTTTTTAAAGTGGAGCAGTTCAATATAGAGTCTTTTTTGAACAAACGTGAAATAGATGTCTTTTTTTTTTTTTTGAGATGGAGTTTTCACTCTTGTTACCCAGGCTGGAGTGCAATGGCGTGATCTTGGCTCACCAGAACCTCCGCCTCCTGGGTTCAAACAATTCTCCTGCCTCAGCCTCCCAGGTAGCTGGGATTACAGGCATGCACCACCAAACCCGGATAATTTTGTATTTTTAGTAGAGATGGGGTTTCACCATGTTGGTCAAGCTGGTCTTGAACTCCCGACCTCTGCTGATCCGTATGCCTCGGCCTCCCAAAGTGCTGGGATTACATGCGTGAGCCACCGTGCCCGACAATAGATGTCTTTTAATTTTCTGGAGGAAAAAGCAAAGCAAAAGAAGCAGTGGATATTTTAAGACTAAAAAGGAAAACAAAAAAAGGAGATAGAGCAGGCCAGACGTGGTGGCTCAACGTCTGTAATCCCAGCACTTTGGGAGGCCGAGGCAGGTGGATCACCTGAGGTCAGGAGTTCAAGACCAGCCTGACCAACATGGTGAAACCCTGTTTCAAAATACAAAAAATTAGCTGGGCGTGGTGGCGGGCACCTGTAATCCCAGCTACTTGGGAGGCTGAGGCAGGAGAATCCCTTGAACCCAGGAGGTGGAGGTTGCAGTGAGCCGAGATCACGCCATTGCACTCCAGCCTGGGCGACAAGTAAAAAACTCCATCTCAAAAAAAAAAAAGGAGATAGAGCAAGGAACAGTAAGAAAATAGTTGGGTGCAGTGGCTATGCGGTGGCACTATAGGAGGCTGAGGCGGGCAGATCACCTGAGGTCAGGAGTTGGAGACCAGCCTGGGCAACATAGACCCCTATCTCTACAAAAAATTTGAAATATGAAAAATTAGCCAGGTGTAGTGGTGTGCGCCTGTGGTACCAGCTACTCAAGAGGCGAAGGCAGGGAAGATTGCTTGAGCCCAGGAGTTTGAGGCTATAGTGAGCTGTGATCATGCCACTGCACTCCAGCCTGGGCAATAGTGTGAGACTCTGTCTCAAAAGAAAGAACATGGCCAGGCGTGGTGGCTCACACCTGTAATCCCAGCACTTTGGGAGGCCGAGGCAGTCAGATCATGAGGCCAGTTTGAAACCAGCCTGGCCAACATGGTGAAACCCTGTCTCTACTAAAAATACAAAAATTAGCCAGGCGTGGTGGCATGCCCCCGTAATCCCAGCTACTTGGGGGTCTGAGGCAGAAGAATTGCTTGAAACCGGGAGGCAGAGGTTGCAGTGAGCCGAGATCGTGTCATTGCACTCTAGTCTGGGCGACAGAGCAAGACTCCGTCTTGG
UTR	29663695	29663728	GTCCCAGCTCTTGCTCCTGCCTGTTTGCCTGGAA
CDS	29663729	29664928	ATGGCCACGCTTCTCCTTCTCCTTGGGGTGCTGGTGGTAAGCCCAGACGCTCTGGGGAGCACAACAGCAGTGCAGACACCCACCTCCGGAGAGCCTTTGGTCTCTACTAGCGAGCCCCTGAGCTCAAAGATGTACACCACTTCAATAACAAGTGACCCTAAGGCCGACAGCACTGGGGACCAGACCTCAGCCCTACCTCCCTCAACTTCCATCAATGAGGGATCCCCTCTTTGGACTTCCATTGGTGCCAGCACTGGTTCCCCTTTACCTGAGCCAACAACCTACCAGGAAGTTTCCATCAAGATGTCATCAGTGCCCCAGGAAACCCCTCATGCAACCAGTCATCCTGCTGTTCCCATAACAGCAAACTCTCTAGGATCCCACACCGTGACAGGTGGAACCATAACAACGAACTCTCCAGAAACCTCCAGTAGGACCAGTGGAGCCCCTGTTACCACGGCAGCTAGCTCTCTGGAGACCTCCAGAGGCACCTCTGGACCCCCTCTTACCATGGCAACTGTCTCTCTGGAGACTTCCAAAGGCACCTCTGGACCCCCTGTTACCATGGCAACTGACTCTCTGGAGACCTCCACTGGGACCACTGGACCCCCTGTTACCATGACAACTGGCTCTCTGGAGCCCTCCAGCGGGGCCAGTGGACCCCAGGTCTCTAGCGTAAAACTATCTACAATGATGTCTCCAACGACCTCCACCAACGCAAGCACTGTGCCCTTCCGGAACCCAGATGAGAACTCACGAGGCATGCTGCCAGTGGCTGTGCTTGTGGCCCTGCTGGCGGTCATAGTCCTCGTGGCTCTGCTCCTGCTGTGGCGCCGGCGGCAGAAGCGGCGGACTGGGGCCCTCGTGCTGAGCAGAGGCGGCAAGCGTAACGGGGTGGTGGACGCCTGGGCTGGGCCAGCCCAGGTCCCTGAGGAGGGGGCCGTGACAGTGACCGTGGGAGGGTCCGGGGGCGACAAGGGCTCTGGGTTCCCCGATGGGGAGGGGTCTAGCCGTCGGCCCACGCTCACCACTTTCTTTGGCAGACGGAAGTCTCGCCAGGGCTCCCTGGCGATGGAGGAGCTGAAGTCTGGGTCAGGCCCCAGCCTCAAAGGGGAGGAGGAGCCACTGGTGGCCAGTGAGGATGGGGCTGTGGACGCCCCAGCTCCTGATGAGCCCGAAGGGGGAGACGGGGCTGCCCCT
start_codon	29663729	29663731	ATG
stop_codon	29664929	29664931	TAA
UTR	29664929	29670490	TAAGTGTCGGTGAATAGTGAGGCTGGAGGCCGGAATCTCAGCCAGCCTCCAGCACCTTCCCTCTCACCATCCCACTGCCCCCTCGCTCCCATGTTTCCACCCGGCACCCTGATCCTCACCCGAATCTCCTTTTTTTTTTTCTTTTGAGACAGAGTTTCGCTTTGTCGCCCAGGCTGGAGTGCAATGCACGATCTCAGTTCACTGCAACCTCTGCCTCCTAAGTTCAGGCGATTCTCCTGCCTCAGCTTCCCGAGTAACTGAGATTACAGGCACCCACCACCATGCCCAGCTGCTTTTTTGTATTTTTGGTAGAGATGGGGTTTCACCATGTTGGCTAGGCTGGTCTCAAACTCCTGACCTCAGGTGATCTACCTGCCTCAGCCTCCCAAAGTGCTGAGATTACAGACATGAGCCTCCGCGCCTTGCCTCCTCACCCACCTCTTCACTCTGAATCCTCATGAGGCTTCTCAGCCCTGGATTTCCTGCTGCCATCCTCACCCAGCACCCACAACTAGCGCCTGGGCAGGGCAGGGCTGGCACCTCTCAACGTCTGTGGACTGAATGAATAAACCCTCCTCATCCACCCCTATTTATCTCCATCACCATTTCCCCCTCTTTCTTGTTCCTGGAAACGGCTGCTGAGTCTCCATCGGCCAAACTTATCTGCCCTGTGATTTCTTTGACAATTCTCCTTTTCCCCCAGAACCCACCCTGGGTTGACCAGAGTCTGGGAAGAAGGACAAGAGAACCCGGCAAACTCCCTCCTAGGATTAACTTTGTAAAGCACCCTTGCCCTGTAGCTGCAAGGGCTGTGGAACCTGGGCAGCCCGCAACCACCTTTAGCTCTGGGCCCCCCAGGCCAGCCTGGAGCATGGCTGGGTGGGGCCACCAGCCCATGCTCTCAGGCGGGCCTGTGATCTTTCCCAGGGCACATGGACTGTAGGCTGGCCCTGGCCCACACCACCACACTCTCCCCAGCCATGGACAGAGGCAGCCAGAGGCCTCACGGTTTCTCCTCCGAGTTTCTGGCTGGGTGTAGTTCTCAGAAACCCCAGTGCCTGCGTGTGTCCACTCGTGGGTGTGGTTTGTGTGCAAGAGCTGAGGATTTGGCGATGCTTGGGAGGGGTAGTTGTGGGTACAGACGGTGTGGGGGTGGGAAGTGGTGCAGAGACTGAAGAGGGTCAACCTGGGCATGGGGGACACAGGGACTGCTGAGAACGTGCGTGTCATCTTTGCTCTGATGGGGTGGACATAGCAGAAAATCTAACTCTGTCTGTAGCCCCATACAGAATGCCAGGGTGAGCACAGTGGCTGGTGCCTTTAATCCCAGCACTTTGGAAAGTTGAGGCAGGAGGATCGCTTGAGCCCAGGAGTTCGAGTCTGAAGTGAGCTGTGATTGCACCACTGCACTTCAGCCTGGGCAACAGAGTGAGCCCCTGTCTCAAAAAAGAAAAGAAAAAGAAAGCCAGGCTTCATGGAAAGATCGTATGTGTGACCCAAATATGAGTTCTTCAGCTCAGCCATGGTAATCCCTTCCTTGAAGTCTCCATTTCTGCAGTACACATGCATGTGCGCTCTCTCTCTCTCTCTCTCTCTCACACACACACACACACACACACACACACGCGCGCGCGCGCGCGCTCTCCTGCGAACAGAGGCAGGGGGAGAGGGGTTTGCCCTGGTCTCGGGGACTGGTCTGGCTGGCGCTTCCCCACTGCACGTTTCCAGGTTTAGTTTGTCTGTGTCTCCTCTTCCATCCCAGGGGCTGAGCCCCTTCCATCCTCCAAGAGGAACCAGTGAGAGTGAGTGAAGGAGGGGCCTGGAGCCAGGGACTTCCCCTGTGGGGCCTGGGTGGAGAGGGGAGAACTCAATGGTGCTGCCTTTGAGACCAGCCCAGGCTACAGCCCAGGAGCACACATGGGCCAGGGCAGTTGGTATTTCCCGAGGACAAAGAGGAAATTTTCAAAGAGGAAGTTGTTGAGTTAGAGCTTGCGGTGGCTGAGAGCAGACAGGTTGACCTGCAAAAAAAGACAGGGGAGGCATGTGAGTGTGACAGCCCTGCTCTGTGGCCTGGGCAGGAGATGGGGGAAAGGGTCAGGTGGGGGATGGGCTCGTGCAGTGGGAGAGGAGACGGAGGGAGGGAGCGGGAAGGGGCTTGCTTAGTGGGTGGGAAGAGCTGAGCTCGGATGGAACCAGCTTCTACCAGCCAGGCTGGGCACCCACTGGGCTGCATCTGGTGGCCTTTTCTGATTGCTATTTGGACTCACTGCAGCTGCAGAATGACAGAGGCCATGTCCAAAATCCCTTAGAGACACTGTTGTCTTAGAGTTGTTAAAATAAGAGCCCCCATATCAGGTTTAGAAAATACTGTCACCGAACGAACGTCGCTGTCCTCAGCTCCACCTCCCTTTCCTTTGACAGATATGGTTGTTTTCTAAGCCAGGACTGGTTTTAGTCAGGTCCTGGGCGAATCCTGAAAAAAAGAGGTAGTACGGGTAAGGAAGGCACCCAACAGGGCTTTCACAATCCAGAAAATATCAAAATATAAGTGTTAAAAGAGAGGCACAGGCCGGGTGCGGTGGCTCACGCCTGTAATCTCAGCACTTTGGGAGGCCAAGGTGGGCAGATCATGAGGTCAGGAGTTTGAGACCAGCCTGGCCAATATGATGAAACCCCGTTTCTACTAAAAATACAAAAGTTAGCCAGGCATGGTGGTGTGCTCCTGTAATCCCAGCTACTTAGGAGGCTGAGGCCAGAGAATTGCTTGAACCCTGGAGTCAGAGGTTGCAGTGAGCCGGGATCATGCCACTGTACTCCAGGCTGGGTGACAAAGTGAGACTGTCTCAAAAAATAAAAATAAATAAAATAAATAAAAGAGAGGCACAAACAGTGTTATGAATGCACCAAGGAAAATGGTGCATTCATAACTCTCAGGTGAAGCCTACCAAGCCATGCGTGTGTGCACATATGTGTGTACGTGTGCATGTGCGTGCGTGCATGTGCGTGCGTGCATGTGCCTGTGTGTGTATGTGTGCACATGTGTGTGCGCATGTGTGTGTGTGCGCGCATGTGTGTGTGCATGCATGTTCTCCCATGCATGTGTACTGTGGCAAGGGAGACTTTGAGGAAGAGATTCCAGTGGCTGAGCAGAAGGGCTCGCATTGCCCTGGCGAAAGGTTGGAAGGCTTCACCTGAGAGTGTGTCGTGGCCTTTGTCATATCCACTGCTTGATTCCTTTCTTTAAAAATTATTTTTATTGTTTTCTACATATGAGAACCACCACACCTGGCTAATTTTTGTATTTTTTGTAGAGATGGGGTTTCACCATGTTGTCCCGGCTGGTCTCAAACTCCCGGGCACAAGAGATCCACCTGCCTCAGCCTCCCAAAATGCTGGGACTATAGGCATGAGCCACTGCACCCAGCCACTGCTTCATTCCTGGTGGCTGCTGTGCCTGGCATGTTGCAGATCCTCCATGAATATGCATTTGAATGAATGAATGAATGAATGAATGAATGAATGGAGATGACGCCTCAGAGATTCTTTCTTTTGAGATGAGGTCTCATTCTGTCACCCAGACTAGAGGGCAGTGGTGCAATCACAGCTCACCACAGCCTCAACCTCCTGGGCCTCCCAAGTAGCTGCGATCACAGGTGTGCACCAACATGCCCAGCTAATTTTTTTTTTTAATTTTTAATTTGTACAGACAGGGTCTTGCTGTGTTGCCCAGGCTGGTCTCAAACTCCTGGGCTCAAGTGGTCCTCCCACCTAAGCTTCCCCAAATACTGGGATTATAGGTGTGAGCCACTGTGCCCAGGCTTGCCTCAGATATTTGAAGGCTGGGAAGGATTTTGCAAAGCTGGGAAAAGGAAAAGGCATTCCCAGCAGAGGGGATAGCAGGTGGAAATACATAATTAAAAAAAAAAAACGTGGAGCAGATCCAGCGCAGTGGCTCATGCCTGTAATCCCAGCACTTTGGGAGGCAGAGCAGGGAGGATTGCTTGAGTCTAGGAGTTCAAGACCAGCCTGGGTAACATAGAAAGACCCTGTCTCTACAAAAACACAAAAAATTAGCCAGGCGTGGTGGTGCATGCCTGTAGTACCAGCTACTTGAGAAGCTGAGGCAGGAGGACTGCTTGAAGCCAGGAGTTTGAGACCAGCCTGGGCAACATAGTGAGACCCCGTGTCTACAAAAAGTAAACATTTATATATATATTTTTTAAAGTGGAGCAGTTCAATATAGAGTCTTTTTTGAACAAACGTGAAATAGATGTCTTTTTTTTTTTTTTGAGATGGAGTTTTCACTCTTGTTACCCAGGCTGGAGTGCAATGGCGTGATCTTGGCTCACCAGAACCTCCGCCTCCTGGGTTCAAACAATTCTCCTGCCTCAGCCTCCCAGGTAGCTGGGATTACAGGCATGCACCACCAAACCCGGATAATTTTGTATTTTTAGTAGAGATGGGGTTTCACCATGTTGGTCAAGCTGGTCTTGAACTCCCGACCTCTGCTGATCCGTATGCCTCGGCCTCCCAAAGTGCTGGGATTACATGCGTGAGCCACCGTGCCCGACAATAGATGTCTTTTAATTTTCTGGAGGAAAAAGCAAAGCAAAAGAAGCAGTGGATATTTTAAGACTAAAAAGGAAAACAAAAAAAGGAGATAGAGCAGGCCAGACGTGGTGGCTCAACGTCTGTAATCCCAGCACTTTGGGAGGCCGAGGCAGGTGGATCACCTGAGGTCAGGAGTTCAAGACCAGCCTGACCAACATGGTGAAACCCTGTTTCAAAATACAAAAAATTAGCTGGGCGTGGTGGCGGGCACCTGTAATCCCAGCTACTTGGGAGGCTGAGGCAGGAGAATCCCTTGAACCCAGGAGGTGGAGGTTGCAGTGAGCCGAGATCACGCCATTGCACTCCAGCCTGGGCGACAAGTAAAAAACTCCATCTCAAAAAAAAAAAAGGAGATAGAGCAAGGAACAGTAAGAAAATAGTTGGGTGCAGTGGCTATGCGGTGGCACTATAGGAGGCTGAGGCGGGCAGATCACCTGAGGTCAGGAGTTGGAGACCAGCCTGGGCAACATAGACCCCTATCTCTACAAAAAATTTGAAATATGAAAAATTAGCCAGGTGTAGTGGTGTGCGCCTGTGGTACCAGCTACTCAAGAGGCGAAGGCAGGGAAGATTGCTTGAGCCCAGGAGTTTGAGGCTATAGTGAGCTGTGATCATGCCACTGCACTCCAGCCTGGGCAATAGTGTGAGACTCTGTCTCAAAAGAAAGAACATGGCCAGGCGTGGTGGCTCACACCTGTAATCCCAGCACTTTGGGAGGCCGAGGCAGTCAGATCATGAGGCCAGTTTGAAACCAGCCTGGCCAACATGGTGAAACCCTGTCTCTACTAAAAATACAAAAATTAGCCAGGCGTGGTGGCATGCCCCCGTAATCCCAGCTACTTGGGGGTCTGAGGCAGAAGAATTGCTTGAAACCGGGAGGCAGAGGTTGCAGTGAGCCGAGATCGTGTCATTGCACTCTAGTCTGGGCGACAGAGCAAGACTCCGTCTTGG
